School_Year,Region,Private,LUC,OGS,SUC_Main,SUC_Satellite,Grand_Total
2024-2025,01 - Ilocos Region,80,6,0,5,22,113
2024-2025,02 - Cagayan Valley,45,0,0,5,20,70
2024-2025,03 - Central Luzon,177,16,0,12,45,250
2024-2025,04 - CALABARZON,280,21,1,5,58,365
2024-2025,05 - Bicol Region,117,26,0,9,26,178
2024-2025,06 - Western Visayas,49,7,0,8,38,102
2024-2025,07 - Central Visayas,97,17,0,3,20,137
2024-2025,08 - Eastern Visayas,46,4,0,10,29,89
2024-2025,09 - Zamboanga Peninsula,56,5,0,6,23,90
2024-2025,10 - Northern Mindanao,64,13,0,6,27,110
2024-2025,11 - Davao Region,82,8,0,6,9,105
2024-2025,12 - Soccsksargen,81,3,0,4,11,99
2024-2025,13 - Nat. Capital Region,280,19,4,8,7,318
2024-2025,14 - Cordillera Adm. Region,33,1,0,6,14,54
2024-2025,15 - BARMM (Muslim Mindanao),0,0,0,5,14,19
2024-2025,16 - Caraga,39,1,0,4,12,56
2024-2025,17 - MIMAROPA,37,4,0,6,44,91
2024-2025,18 - Negros Island Region,56,4,0,5,23,88
2024-2025,Grand Total,1619,154,6,113,442,2334
2023-2024,01 - Ilocos Region,79,5,0,5,22,111
2023-2024,02 - Cagayan Valley,45,0,0,5,20,70
2023-2024,03 - Central Luzon,179,16,0,12,45,252
2023-2024,04 - CALABARZON,281,18,1,5,58,363
2023-2024,05 - Bicol Region,117,25,0,9,26,177
2023-2024,06 - Western Visayas,82,11,0,11,53,157
2023-2024,07 - Central Visayas,117,16,0,5,26,164
2023-2024,08 - Eastern Visayas,46,3,0,10,28,87
2023-2024,09 - Zamboanga Peninsula,56,5,0,6,24,91
2023-2024,10 - Northern Mindanao,64,11,0,6,26,107
2023-2024,11 - Davao Region,82,7,0,6,9,104
2023-2024,12 - Soccsksargen,80,2,0,4,11,97
2023-2024,13 - Nat. Capital Region,282,19,4,8,8,321
2023-2024,14 - Cordillera Adm. Region,31,1,0,6,14,52
2023-2024,15 - BARMM (Muslim Mindanao),85,7,0,5,14,111
2023-2024,16 - Caraga,39,1,0,4,11,55
2023-2024,17 - MIMAROPA,39,4,0,6,42,91
2023-2024,18 - Negros Island Region,0,0,0,0,0,0
2023-2024,Grand Total,1704,143,13,113,437,2410
2022-2023,01 - Ilocos Region,78,5,0,5,22,110
2022-2023,02 - Cagayan Valley,45,5,0,5,20,75
2022-2023,03 - Central Luzon,177,16,0,12,45,250
2022-2023,04 - CALABARZON,281,18,1,5,58,363
2022-2023,05 - Bicol Region,118,23,0,9,24,174
2022-2023,06 - Western Visayas,81,11,0,11,53,156
2022-2023,07 - Central Visayas,121,13,0,5,25,164
2022-2023,08 - Eastern Visayas,46,3,0,10,28,87
2022-2023,09 - Zamboanga Peninsula,56,5,0,6,21,88
2022-2023,10 - Northern Mindanao,64,11,0,6,26,107
2022-2023,11 - Davao Region,82,7,0,6,9,104
2022-2023,12 - Soccsksargen,80,2,0,4,11,97
2022-2023,13 - Nat. Capital Region,289,18,4,8,8,327
2022-2023,14 - Cordillera Adm. Region,31,1,1,6,14,53
2022-2023,15 - BARMM (Muslim Mindanao),85,7,0,5,14,111
2022-2023,16 - Caraga,40,1,0,4,11,56
2022-2023,17 - MIMAROPA,40,4,0,6,44,94
2022-2023,18 - Negros Island Region,0,0,0,0,0,0
2022-2023,Grand Total,1714,150,6,113,433,2416