Region,Gov Level 1,Gov Level 2,Gov Level 3,Gov Total,Priv Level 1,Priv Level 2,Priv Level 3,Priv Total,Total Level 1,Total Level 2,Total Level 3,Total Hospitals
NCR,15,6,29,50,36,38,33,107,51,44,62,157
I,25,8,3,36,26,21,1,48,51,29,4,84
II,20,1,3,24,26,16,0,42,46,17,3,66
III,48,3,6,57,72,50,4,126,120,53,10,183
IV-A,51,3,3,57,81,86,3,170,132,89,6,227
IV-B,15,3,0,18,10,6,0,16,25,9,0,34
V,16,4,2,22,19,14,1,34,35,18,3,56
VI,19,5,2,26,3,15,3,21,22,20,5,47
VII,12,7,3,22,8,15,8,31,20,22,11,53
VIII,19,1,1,21,22,5,1,28,41,6,2,49
IX,7,5,1,13,22,7,0,29,29,12,1,42
X,16,4,3,23,34,16,1,51,50,20,4,74
XI,9,2,2,13,25,20,3,48,34,22,5,61
XII,13,5,1,19,44,14,2,60,57,19,3,79
XIII,10,4,0,14,5,7,0,12,15,11,0,26
CAR,11,4,1,16,10,3,1,14,21,7,2,30
NIR,14,2,1,17,4,7,4,15,18,9,5,32
BARMM,15,1,0,16,12,0,0,12,27,1,0,28
NATIONWIDE ,335,68,61,464,459,340,65,864,794,408,126,1328
