region,total_good,percent_good,total_fair,percent_fair,total_poor,percent_poor,total_bad,percent_bad,further_assessment,percent_further_assessment,grand_total,percent_grand_total
BARMM,48,0.53,81,0.9,48,0.53,7,0.08,0,0,184,2.04
CAR,166,1.84,159,1.77,28,0.31,0,0,0,0,353,3.92
NCR,45,0.5,241,2.68,20,0.22,1,0.01,0,0,307,3.41
NIR,197,2.19,189,2.1,40,0.44,6,0.07,0,0,432,4.8
I,289,3.21,280,3.11,17,0.19,0,0,0,0,586,6.51
II,299,3.32,189,2.1,24,0.27,9,0,0,0,521,5.78
III,424,4.71,301,3.34,31,0.34,2,0.02,0,0,758,8.42
IV-A,264,2.93,395,4.39,21,0.23,2,0.02,0,0,682,7.57
IV-B,183,2.03,389,4.32,71,0.79,12,0.03,0,0,655,7.27
IX,161,1.79,165,1.83,27,0.3,15,0.07,0,0,368,4.09
V,253,2.81,392,4.35,85,0.94,5,0.06,0,0,735,8.16
VI,223,2.48,268,2.98,20,0.22,3,0.03,0,0,514,5.71
VII,203,2.25,210,2.33,17,0.19,4,0.04,0,0,434,4.82
VIII,400,4.44,466,5.17,60,0.67,2,0.02,0,0,928,10.3
X,265,2.94,173,1.92,16,0.18,2,0.02,0,0,456,5.06
XI,134,1.49,162,1.8,9,0.1,1,0.01,0,0,306,3.4
XII,188,2.09,129,1.43,8,0.09,1,0.01,0,0,326,3.62
XIII,251,2.79,189,2.1,21,0.23,1,0.01,0,0,462,5.13
NATIONWIDE,3993,44.33,4378,48.61,563,6.25,73,0.81,0,0,9007,100
