region_id,region,year_2022,year_2023,year_2024,growth_rate_2022_2023,growth_rate_2023_2024
1,NCR,"505,368","552,212","595,768",9.3,7.9
2,CAR,"199,043","220,480","236,844",10.8,7.4
3,I,"137,192","152,435","164,160",11.1,7.7
4,II,"121,930","135,690","148,941",11.3,9.8
5,III,"187,249","207,517","224,858",10.8,8.4
6,IV-A,"189,066","204,215","218,928",8.0,7.2
7,IV-B,"138,276","142,645","153,138",3.2,7.4
8,V,"104,562","112,503","122,613",7.6,9.0
9,VI,"144,535","153,011","164,440",5.9,7.5
10,NIR,"134,360","153,516","167,107",14.3,8.9
11,VII,"180,719","200,827","219,111",11.1,9.1
12,VIII,"111,390","122,447","133,164",9.9,8.8
13,IX,"123,940","133,023","144,309",7.3,8.5
14,X,"209,228","228,905","244,359",9.4,6.8
15,XI,"204,951","232,475","252,515",13.4,8.6
16,XII,"126,663","138,471","148,466",9.3,7.2
17,XIII,"131,683","140,297","150,290",6.5,7.1
18,BARRM,"63,860","69,694","73,030",9.1,4.8
19,Philippines,"198,561","217,255","234,277",9.4,7.8
