region,motor_vehi_reg_2022,motor_vehi_reg_2023,motor_vehi_reg_2024,percent_inc_dec_2022_2023,percent_inc_dec_2023_2024
I,620026,628451,769928,1.36,22.51
II,476832,473410,607676,-0.72,28.33
III,1156247,1205141,1520911,4.23,26.23
IV-A,1524153,1593687,2258896,4.56,41.77
IV-B,199074,217550,325098,9.28,49.48
V,434458,461220,595816,6.16,29.2
VI,530182,566772,595330,6.9,5.04
VII,865213,942536,1037858,8.94,10.13
VIII,286006,301308,400838,5.35,33.09
IX,385391,371984,449052,-3.48,20.65
X,460664,462555,596893,0.41,29.05
XI,572159,585933,757832,2.41,29.32
XII,400649,422141,586513,5.36,38.96
XIII,209654,203158,221428,-3.1,8.98
NCR,2821732,3141142,3673991,11.32,16.97
CAR,146801,170916,216611,16.43,26.75
BARMM,468748,475240,596354.5,4.23,26.23
NIR,468748,475240,596354.5,4.23,26.23
