Region,Population_2020,Population_2024,Land Area,Population Density_2020,Population Density_2024,Density Growth Rate (%/yr)
NCR,"13,484,462","14,001,751",619.54,"21,765","22,598",0.38
CAR,"1,797,660","1,808,985","19,818.12",91,91,0.09
I,"5,301,139","5,342,453","12,964.62",409,412,0.18
II,"3,685,744","3,777,608","29,836.88",124,127,0.78
III,"12,422,172","12,989,074","21,906.19",567,593,1.15
IV-A,"16,195,042","16,933,234","16,576.26",977,"1,021",1.1
IV-B,"3,228,558","3,245,446","29,606.25",109,110,0.13
V,"6,082,165","6,064,426","18,114.47",336,335,-0.08
VI,"4,730,768","4,861,911","12,773.46",370,381,0.74
NIR,"4,760,340","4,904,944","13,762.89",346,356,0.73
VII,"6,545,603","6,640,875","10,114.52",647,656,0.35
VIII,"4,547,150","4,625,929","23,234.78",196,199,0.4
IX,"3,875,576","3,943,837","16,904.03",229,233,0.42
X,"5,022,768","5,178,326","20,458.51",246,253,0.7
XI,"5,243,536","5,389,422","20,433.38",257,264,0.69
XII,"4,360,974","4,462,776","22,786.08",192,196,0.53
XIII,"2,804,788","2,865,196","21,120.56",133,136,0.44
BARRM,"4,944,800","5,691,583","36,650.95",135,155,3.43
Philippines,"109,035,343","112,729,484","300,000",363,376,0.84
