region,year_2010,year_2015,year_2020,year_2024,growth_rate_2010_2015,growth_rate_2015_2020,growth_rate_2015_2024,growth_rate_2020_2024
NCR,"11,855,975","12,877,253","13,484,462","14,001,751",1.58,0.97,0.94,0.91
CAR,"1,616,867","1,722,006","1,797,660","1,808,985",1.21,0.91,0.55,0.15
I,"4,748,372","5,026,128","5,301,139","5,342,453",1.09,1.13,0.69,0.19
II,"3,229,163","3,451,410","3,685,744","3,777,608",1.27,1.39,1.02,0.59
III,"10,137,737","11,218,177","12,422,172","12,989,074",1.95,2.17,1.66,1.08
IV-A,"12,609,803","14,414,774","16,195,042","16,933,234",2.58,2.48,1.82,1.07
IV-B,"2,744,671","2,963,360","3,228,558","3,245,446",1.47,1.82,1.02,0.13
V,"5,420,411","5,796,989","6,082,165","6,064,426",1.29,1.02,0.51,-0.07
VI,"4,194,579","4,477,247","4,730,768","4,861,911",1.25,1.17,0.93,0.66
NIR,"4,285,591","4,510,115","4,760,340","4,904,944",0.98,1.14,0.94,0.72
VII,"5,422,448","5,945,919","6,545,603","6,640,875",1.77,2.04,1.25,0.35
VIII,"4,101,322","4,440,150","4,547,150","4,625,929",1.52,0.50,0.46,0.41
IX,"3,407,353","3,629,783","3,875,576","3,943,837",1.21,1.39,0.93,0.42
X,"4,297,323","4,689,302","5,022,768","5,178,326",1.68,1.46,1.12,0.73
XI,"4,468,563","4,893,318","5,243,536","5,389,422",1.74,1.46,1.09,0.66
XII,"3,690,174","4,053,514","4,360,974","4,462,776",1.80,1.55,1.08,0.55
XIII,"2,429,224","2,596,709","2,804,788","2,865,196",1.28,1.63,1.11,0.51
BARRM,"3,675,537","4,273,149","4,944,800","5,691,583",2.91,3.12,3.26,3.43
Philippines,"92,337,852","100,981,437","109,035,343","112,729,484",1.72,1.63,1.24,0.80
,,,,,,,,
