region,labor_force_parti_rate_2024,labor_force_parti_rate_jan_2025,labor_force_parti_rate_april_2025,labor_force_parti_rate_july_2025,employment_rate_jul_2024,employment_rate_jan_2025,employment_rate_april_2025,employment_rate_jul_2025
NCR,62.0 ,63.2 ,61.8 ,60.6 ,93.5,94.6,94.9,95.3
CAR,67.1 ,64.4 ,62.9 ,62.4 ,97.7,97.1,97.8,96.6
I,60.1 ,63.2 ,64.4 ,60.8 ,94.5,95,95.2,95.3
II ,62.7 ,63.9 ,63.1 ,62.6 ,96.5,96.5,97.3,96.1
III,63.8 ,63.7 ,61.9 ,58.4 ,96.2,96.1,96.9,95.1
IV-A,63.0 ,62.4 ,63.4 ,62.2 ,94.5,93.9,94.7,93.4
IV-B,65.1 ,64.6 ,66.3 ,63.7 ,95.6,95.6,96.7,94
V,60.8 ,59.1 ,61.1 ,56.7 ,94,93.5,95.2,92.3
VI,61.8 ,62.8 ,66.0 ,62.2 ,94.5,95.8,96,94.4
NIR,61.8 ,65.7 ,62.6 ,59.9 ,96.4,96.6,95.6,94.3
VII,64.1 ,62.3 ,64.0 ,61.7 ,95.1,97.2,94.5,93.9
VIII,61.9 ,63.4 ,59.5 ,58.1 ,95.7,97.6,97,94.7
IX,62.8 ,62.5 ,62.3 ,57.5 ,97.2,97.7,97.5,94.4
X,64.9 ,64.9 ,64.6 ,61.2 ,94.7,96,96.3,94.9
XI,62.5 ,64.2 ,63.6 ,61.0 ,96.9,97.1,97.6,96.4
XII,66.3 ,68.7 ,68.4 ,62.6 ,95.7,97.6,96.1,95.6
XIII,69.8 ,68.9 ,69.3 ,63.7 ,96.2,96,96.9,94.9
BARMM,72.0 ,72.5 ,74.2 ,62.7 ,96.3,96.6,96.8,95.3
NATIONWIDE,63.5 ,63.9 ,63.7 ,60.7 ,95.3,95.7,95.9,94.7