region,main_industry,year_2022,year_2023,year_2024
NCR,"Agriculture, forestry, and fishing	","560,698","622,443","672,923"
NCR,Industry,"1,237,297,780","1,296,616,855","1,371,555,092"
NCR,Services,"5,654,268,524","6,275,638,406","6,842,080,341"
CAR,"Agriculture, forestry, and fishing	","29,672,963","33,798,890","35,739,904"
CAR,Industry,"88,873,951","96,096,121","99,833,326"
CAR,Services,"247,510,937","280,184,719","309,950,734"
I,"Agriculture, forestry, and fishing	","124,172,679","133,144,433","145,655,559"
I,Industry,"229,881,819","255,819,809","265,369,140"
I,Services,"375,415,184","423,675,079","466,294,039"
II,"Agriculture, forestry, and fishing	","120,600,439","132,041,584","144,472,924"
II,Industry,"128,691,563","148,549,023","166,964,980"
II,Services,"206,384,926","229,994,734","252,727,280"
III,"Agriculture, forestry, and fishing	","284,557,585","316,457,276","328,988,022"
III,Industry,"973,388,820","1,069,674,349","1,159,612,950"
III,Services,"1,109,304,555","1,260,318,237","1,403,567,149"
IV-A,"Agriculture, forestry, and fishing	","171,195,873","178,277,285","195,962,197"
IV-A,Industry,"1,513,851,022","1,606,374,111","1,698,425,114"
IV-A,Services,"1,455,330,588","1,648,249,960","1,829,181,197"
IV-B,"Agriculture, forestry, and fishing	","74,676,679","81,567,560","83,790,969"
IV-B,Industry,"158,605,195","137,348,968","146,274,416"
IV-B,Services,"219,808,054","252,084,890","279,435,750"
V,"Agriculture, forestry, and fishing	","100,710,958","93,873,669","106,963,033"
V,Industry,"222,926,775","240,291,439","254,485,894"
V,Services,"322,144,021","366,389,059","408,492,578"
VI,"Agriculture, forestry, and fishing	","110,814,569","109,175,848","114,782,312"
VI,Industry,"178,645,362","158,182,995","160,403,054"
VI,Services,"402,008,199","469,440,440","521,855,481"
NIR,"Agriculture, forestry, and fishing	","98,794,120","116,259,490","110,101,606"
NIR,Industry,"145,790,889","164,170,267","183,256,542"
NIR,Services,"398,599,660","457,239,431","512,651,994"
VII,"Agriculture, forestry, and fishing	","68,389,358","79,750,588","88,099,664"
VII,Industry,"322,853,188","347,330,524","372,314,975"
VII,Services,"814,788,512","926,460,286","1,030,951,860"
VIII,"Agriculture, forestry, and fishing	","69,714,654","73,933,209","84,251,616"
VIII,Industry,"188,839,246","208,033,025","222,078,445"
VIII,Services,"254,272,709","285,763,419","315,574,724"
IX,"Agriculture, forestry, and fishing	","93,881,173","97,661,727","110,465,943"
IX,Industry,"153,607,498","161,741,452","173,416,282"
IX,Services,"242,692,765","272,109,860","298,689,000"
X,"Agriculture, forestry, and fishing	","241,882,831","259,146,512","254,619,091"
X,Industry,"273,350,028","293,282,875","316,535,654"
X,Services,"555,558,170","629,812,169","702,282,125"
XI,"Agriculture, forestry, and fishing	","195,640,297","231,378,202","235,375,678"
XI,Industry,"265,701,216","296,828,621","331,640,358"
XI,Services,"634,662,612","727,090,333","809,634,840"
XII,"Agriculture, forestry, and fishing	","150,490,553","164,715,056","172,077,472"
XII,Industry,"134,741,164","143,309,002","154,806,401"
XII,Services,"279,068,637","315,470,492","348,734,010"
XIII,"Agriculture, forestry, and fishing	","47,497,957","47,183,868","49,905,943"
XIII,Industry,"135,299,423","141,122,863","147,613,033"
XIII,Services,"194,046,485","217,362,193","241,627,900"
BARRM,"Agriculture, forestry, and fishing	","120,836,472","136,576,417","140,073,739"
BARRM,Industry,"84,590,542","91,074,468","99,466,093"
BARRM,Services,"121,386,456","134,868,663","146,588,151"
