region,year_2010,year_2015,year_2020,year_2024,growth_rate_2010_2015,growth_rate_2015_2020,growth_rate_2015_2024,growth_rate_2020_2024
NCR,11855975,12877253,13484462,14001751,1.58,0.97,0.94,0.91
CAR,1616867,1722006,1797660,1808985,1.21,0.91,0.55,0.15
I,4748372,5026128,5301139,5342453,1.09,1.13,0.69,0.19
II,3229163,3451410,3685744,3777608,1.27,1.39,1.02,0.59
III,10137737,11218177,12422172,12989074,1.95,2.17,1.66,1.08
IV-A,12609803,14414774,16195042,16933234,2.58,2.48,1.82,1.07
IV-B,2744671,2963360,3228558,3245446,1.47,1.82,1.02,0.13
V,5420411,5796989,6082165,6064426,1.29,1.02,0.51,-0.07
VI,4194579,4477247,4730768,4861911,1.25,1.17,0.93,0.66
NIR,4285591,4510115,4760340,4904944,0.98,1.14,0.94,0.72
VII,5422448,5945919,6545603,6640875,1.77,2.04,1.25,0.35
VIII,4101322,4440150,4547150,4625929,1.52,0.5,0.46,0.41
IX,3407353,3629783,3875576,3943837,1.21,1.39,0.93,0.42
X,4297323,4689302,5022768,5178326,1.68,1.46,1.12,0.73
XI,4468563,4893318,5243536,5389422,1.74,1.46,1.09,0.66
XII,3690174,4053514,4360974,4462776,1.8,1.55,1.08,0.55
XIII,2429224,2596709,2804788,2865196,1.28,1.63,1.11,0.51
BARRM,3675537,4273149,4944800,5691583,2.91,3.12,3.26,3.43
NATIONWIDE,92337852,100981437,109035343,112729484,1.72,1.63,1.24,0.8
