region,year_2022,year_2023,year_2024,growth_rate_2022_2023,growth_rate_2023_2024
NCR,"6,892,127,003","7,572,877,704","8,214,308,357",9.9,8.5
CAR,"366,057,851","410,079,730","445,523,963",12,8.6
I,"729,469,681","812,639,321","877,318,738",11.4,8
II,"455,676,928","510,585,340","564,165,184",12,10.5
III,"2,367,250,960","2,646,449,863","2,892,168,121",11.8,9.3
IV-A,"3,140,377,483","3,432,901,355","3,723,568,508",9.3,8.5
IV-B,"453,089,929","471,001,419","509,501,135",4,8.2
V,"645,781,755","700,554,168","769,941,504",8.5,9.9
VI,"691,468,130","736,799,283","797,040,847",6.6,8.2
NIR,"643,184,669","737,669,188","806,010,142",14.7,9.3
VII,"1,206,031,058","1,353,541,397","1,491,366,498",12.2,10.2
VIII,"512,826,609","567,729,652","621,904,785",10.7,9.5
IX,"490,181,436","531,513,039","582,571,225",8.4,9.6
X,"1,070,791,029","1,182,241,556","1,273,436,870",10.4,7.7
XI,"1,096,004,125","1,255,297,156","1,376,650,876",14.5,9.7
XII,"564,300,355","623,494,550","675,617,883",10.5,8.4
XIII,"376,843,866","405,668,923","439,146,876",7.6,8.3
BARRM,"326,813,470","362,519,548","386,127,983",10.9,6.5
Philippines,"22,028,276,338","24,313,563,195","26,446,369,495",10.4,8.8
