region,poverty_incidence_2018,poverty_incidence_2021,poverty_incidence_2023,magnitude_2018,magnitude_2021,magnitude_2023
NCR,2.2,3.5,1.8,302.17,482.48,262.24
CAR,12,9.9,7,213.83,180.71,129
I,9.9,14.4,11.9,510.14,762.76,641.12
II,16.3,15.4,10.4,582.98,568.32,389.64
III,7,11.4,8.2,836.56,1430.31,1058.36
IV-A,7.1,10.2,7.9,1102.03,1676.35,1345.4
IV-B,15.1,20.8,23,466.69,667.86,755.71
V,27,29.3,27.5,1620.97,1815.3,1735.69
VI,14.2,17.2,13.7,660.15,820.12,663.72
NIR,21,23.6,28.9,971.31,1114.02,1375.75
VII,16.1,27.6,17.3,1006,1803.76,1162.41
VIII,30.7,28.9,27.3,1420.28,1389.06,1342.68
IX,32.7,30.1,31.7,1217.78,1145.12,1221.64
X,23.1,26.1,25.3,1129.18,1323.07,1309.55
XI,19.1,16.8,16,978.17,900.17,884.83
XII,27.3,27.3,23.1,1219.92,1276.13,1057.22
XIII,30.5,33.2,20.8,822.18,923.52,589.61
BARRM,60.4,35.4,32.4,2609.87,1623.69,1614.26
Philippines,16.7,18.1,15.5,17670.21,19902.75,17538.86
