region,population_2010,population_2015,population_2020,population_2024,land_area,population_density_2010,population_density_2015,population_density_2020,population_density_2024,density_growth_rate_2010_2024,urban_pop_growth_2010_2020,urban_pop_growth_2010_2024
NCR,"11,855,975","12,877,253","13,484,462","14,001,751",619.54,"19,137","20,784","21,765","22,602",18.07,13.77,18.07
CAR,"1,616,867","1,722,006","1,797,660","1,808,985","19,818.12",82,87,91,91,11,10.98,10.98
I,"4,748,372","5,026,128","5,301,139","5,342,453","12,964.62",366,388,409,412,12.57,11.7,12.57
II,"3,229,163","3,451,410","3,685,744","3,777,608","29,836.88",108,116,124,127,17.59,14.81,17.59
III,"10,137,737","11,218,177","12,422,172","12,989,074","21,906.19",463,512,567,593,28.07,22.4,28.07
IV-A,"12,609,803","14,414,774","16,195,042","16,933,234","16,576.26",760,870,977,"1,022",34.47,28.55,34.47
IV-B,"2,744,671","2,963,360","3,228,558","3,245,446","29,606.25",93,100,109,110,18.33,17.2,18.33
V,"5,420,411","5,796,989","6,082,165","6,064,426","18,114.47",299,320,336,335,12.03,12.38,12.03
VI,"4,194,579","4,477,247","4,730,768","4,861,911","12,773.46",328,351,370,381,16.16,12.8,16.16
NIR,"4,285,591","4,510,115","4,760,340","4,904,944","13,762.89",311,328,346,356,14.46,11.25,14.46
VII,"5,422,448","5,945,919","6,545,603","6,640,875","10,114.52",536,588,647,656,22.36,20.7,22.36
VIII,"4,101,322","4,440,150","4,547,150","4,625,929","23,234.78",177,191,196,199,12.5,10.73,12.5
IX,"3,407,353","3,629,783","3,875,576","3,943,837","16,904.03",202,215,229,233,15.35,13.37,15.35
X,"4,297,323","4,689,302","5,022,768","5,178,326","20,458.51",210,229,246,253,20.48,17.14,20.48
XI,"4,468,563","4,893,318","5,243,536","5,389,422","20,433.38",219,239,257,264,20.33,17.35,20.33
XII,"3,690,174","4,053,514","4,360,974","4,462,776","22,786.08",162,178,192,196,21,18.52,21
XIII,"2,429,224","2,596,709","2,804,788","2,865,196","21,120.56",115,123,133,136,18.26,15.65,18.26
BARRM,"3,675,537","4,273,149","4,944,800","5,691,583","36,650.95",100,117,135,155,55,35,55
NATIONWIDE,"92,337,852","100,981,437","109,035,343","112,729,484","300,000",308,336,363,376,22.08,17.86,22.08