"school_year","level","sector","philippines","ncr","car","ilocos_region","cagayan_valley","central_luzon","calabarzon","mimaropa","bicol_region","western_visayas","central_visayas","eastern_visayas","zamboanga_peninsula","northern_mindanao","davao_region","soccsksargen","caraga","barmm"
"2019-2020","Elementary","Public","39114","517","1533","2414","2208","3014","2754","1900","3158","3409","2949","3646","2127","2156","1708","1817","1670","2134"
"2019-2020","Elementary","Private","12136","2099","199","475","370","1485","2685","244","476","999","815","226","233","523","500","374","240","193"
"2019-2020","Junior High School","Public","9524","288","317","576","451","772","762","457","720","791","933","577","425","540","521","590","449","355"
"2019-2020","Junior High School","Private","6034","959","140","315","147","784","1358","129","213","342","491","128","111","274","243","204","97","99"
"2019-2020","Senior High School","Public","7299","235","218","546","337","593","520","282","674","653","759","435","350","345","353","384","398","217"
"2019-2020","Senior High School","Private","4895","767","113","247","143","657","939","108","236","258","371","120","132","240","228","180","88","68"
"2020-2021","Elementary","Public","39235","519","1541","2417","2213","3022","2755","1905","3161","3413","2948","3648","2128","2161","1736","1827","1706","2135"
"2020-2021","Elementary","Private","11009","1947","181","447","347","1320","2409","220","436","905","743","207","208","451","444","321","234","189"
"2020-2021","Junior High School","Public","9862","288","333","583","468","809","770","469","736","815","941","600","433","583","576","628","473","357"
"2020-2021","Junior High School","Private","5894","927","136","306","151","745","1312","126","220","341","482","125","112","277","241","195","97","101"
"2020-2021","Senior High School","Public","7455","238","232","552","341","603","524","288","685","663","766","442","360","360","368","404","399","230"
"2020-2021","Senior High School","Private","4861","766","109","244","143","637","919","107","251","257","369","119","131","246","227","178","87","71"
"2021-2022","Elementary","Public","39285","526","1539","2414","2212","3027","2757","1910","3163","3413","2954","3648","2129","2171","1739","1730","1702","2251"
"2021-2022","Elementary","Private","10430","1797","172","434","330","1263","2243","221","410","875","722","205","202","444","401","284","209","218"
"2021-2022","Junior High School","Public","10149","296","353","596","483","849","781","476","756","832","962","605","447","607","605","616","483","402"
"2021-2022","Junior High School","Private","5801","882","138","297","156","730","1277","128","223","345","482","127","112","273","238","174","93","126"
"2021-2022","Senior High School","Public","7594","243","246","555","358","613","533","290","697","662","776","446","366","378","385","392","399","255"
"2021-2022","Senior High School","Private","4855","753","105","245","139","628","922","106","265","258","372","121","131","243","226","166","85","90"
"2022-2023","Elementary","Public","39336","527","1542","2418","2211","3039","2759","1913","3167","3415","2954","3654","2129","2177","1741","1734","1704","2252"
"2022-2023","Elementary","Private","10038","1663","167","421","321","1234","2120","217","411","845","717","198","204","439","390","271","202","218"
"2022-2023","Junior High School","Public","10400","295","362","601","498","879","788","487","778","845","974","624","479","639","624","635","488","404"
"2022-2023","Junior High School","Private","5693","852","136","294","156","733","1236","123","226","339","475","127","113","269","231","171","91","121"
"2022-2023","Senior High School","Public","7746","241","249","564","360","630","548","298","700","669","798","456","371","397","403","402","405","255"
"2022-2023","Senior High School","Private","4859","745","104","247","139","633","917","108","269","258","371","119","134","244","226","170","85","90"
"2019-2020","Elementary","Public","39114","517","1533","2414","2208","3014","2754","1900","3158","3409","2949","3646","2127","2156","1708","1817","1670","2134"
"2019-2020","Elementary","Private","12136","2099","199","475","370","1485","2685","244","476","999","815","226","233","523","500","374","240","193"
"2019-2020","Junior High School","Public","9524","288","317","576","451","772","762","457","720","791","933","577","425","540","521","590","449","355"
"2019-2020","Junior High School","Private","6034","959","140","315","147","784","1358","129","213","342","491","128","111","274","243","204","97","99"
"2019-2020","Senior High School","Public","7299","235","218","546","337","593","520","282","674","653","759","435","350","345","353","384","398","217"
"2019-2020","Senior High School","Private","4895","767","113","247","143","657","939","108","236","258","371","120","132","240","228","180","88","68"
"2020-2021","Elementary","Public","39235","519","1541","2417","2213","3022","2755","1905","3161","3413","2948","3648","2128","2161","1736","1827","1706","2135"
"2020-2021","Elementary","Private","11009","1947","181","447","347","1320","2409","220","436","905","743","207","208","451","444","321","234","189"
"2020-2021","Junior High School","Public","9862","288","333","583","468","809","770","469","736","815","941","600","433","583","576","628","473","357"
"2020-2021","Junior High School","Private","5894","927","136","306","151","745","1312","126","220","341","482","125","112","277","241","195","97","101"
"2020-2021","Senior High School","Public","7455","238","232","552","341","603","524","288","685","663","766","442","360","360","368","404","399","230"
"2020-2021","Senior High School","Private","4861","766","109","244","143","637","919","107","251","257","369","119","131","246","227","178","87","71"
"2021-2022","Elementary","Public","39285","526","1539","2414","2212","3027","2757","1910","3163","3413","2954","3648","2129","2171","1739","1730","1702","2251"
"2021-2022","Elementary","Private","10430","1797","172","434","330","1263","2243","221","410","875","722","205","202","444","401","284","209","218"
"2021-2022","Junior High School","Public","10149","296","353","596","483","849","781","476","756","832","962","605","447","607","605","616","483","402"
"2021-2022","Junior High School","Private","5801","882","138","297","156","730","1277","128","223","345","482","127","112","273","238","174","93","126"
"2021-2022","Senior High School","Public","7594","243","246","555","358","613","533","290","697","662","776","446","366","378","385","392","399","255"
"2021-2022","Senior High School","Private","4855","753","105","245","139","628","922","106","265","258","372","121","131","243","226","166","85","90"
"2022-2023","Elementary","Public","39336","527","1542","2418","2211","3039","2759","1913","3167","3415","2954","3654","2129","2177","1741","1734","1704","2252"
"2022-2023","Elementary","Private","10038","1663","167","421","321","1234","2120","217","411","845","717","198","204","439","390","271","202","218"
"2022-2023","Junior High School","Public","10400","295","362","601","498","879","788","487","778","845","974","624","479","639","624","635","488","404"
"2022-2023","Junior High School","Private","5693","852","136","294","156","733","1236","123","226","339","475","127","113","269","231","171","91","121"
"2022-2023","Senior High School","Public","7746","241","249","564","360","630","548","298","700","669","798","456","371","397","403","402","405","255"
"2022-2023","Senior High School","Private","4859","745","104","247","139","633","917","108","269","258","371","119","134","244","226","170","85","90"
"2019-2020","Elementary","Public","39114","517","1533","2414","2208","3014","2754","1900","3158","3409","2949","3646","2127","2156","1708","1817","1670","2134"
"2019-2020","Elementary","Private","12136","2099","199","475","370","1485","2685","244","476","999","815","226","233","523","500","374","240","193"
"2019-2020","Junior High School","Public","9524","288","317","576","451","772","762","457","720","791","933","577","425","540","521","590","449","355"
"2019-2020","Junior High School","Private","6034","959","140","315","147","784","1358","129","213","342","491","128","111","274","243","204","97","99"
"2019-2020","Senior High School","Public","7299","235","218","546","337","593","520","282","674","653","759","435","350","345","353","384","398","217"
"2019-2020","Senior High School","Private","4895","767","113","247","143","657","939","108","236","258","371","120","132","240","228","180","88","68"
"2020-2021","Elementary","Public","39235","519","1541","2417","2213","3022","2755","1905","3161","3413","2948","3648","2128","2161","1736","1827","1706","2135"
"2020-2021","Elementary","Private","11009","1947","181","447","347","1320","2409","220","436","905","743","207","208","451","444","321","234","189"
"2020-2021","Junior High School","Public","9862","288","333","583","468","809","770","469","736","815","941","600","433","583","576","628","473","357"
"2020-2021","Junior High School","Private","5894","927","136","306","151","745","1312","126","220","341","482","125","112","277","241","195","97","101"
"2020-2021","Senior High School","Public","7455","238","232","552","341","603","524","288","685","663","766","442","360","360","368","404","399","230"
"2020-2021","Senior High School","Private","4861","766","109","244","143","637","919","107","251","257","369","119","131","246","227","178","87","71"
"2021-2022","Elementary","Public","39285","526","1539","2414","2212","3027","2757","1910","3163","3413","2954","3648","2129","2171","1739","1730","1702","2251"
"2021-2022","Elementary","Private","10430","1797","172","434","330","1263","2243","221","410","875","722","205","202","444","401","284","209","218"
"2021-2022","Junior High School","Public","10149","296","353","596","483","849","781","476","756","832","962","605","447","607","605","616","483","402"
"2021-2022","Junior High School","Private","5801","882","138","297","156","730","1277","128","223","345","482","127","112","273","238","174","93","126"
"2021-2022","Senior High School","Public","7594","243","246","555","358","613","533","290","697","662","776","446","366","378","385","392","399","255"
"2021-2022","Senior High School","Private","4855","753","105","245","139","628","922","106","265","258","372","121","131","243","226","166","85","90"
"2022-2023","Elementary","Public","39336","527","1542","2418","2211","3039","2759","1913","3167","3415","2954","3654","2129","2177","1741","1734","1704","2252"
"2022-2023","Elementary","Private","10038","1663","167","421","321","1234","2120","217","411","845","717","198","204","439","390","271","202","218"
"2022-2023","Junior High School","Public","10400","295","362","601","498","879","788","487","778","845","974","624","479","639","624","635","488","404"
"2022-2023","Junior High School","Private","5693","852","136","294","156","733","1236","123","226","339","475","127","113","269","231","171","91","121"
"2022-2023","Senior High School","Public","7746","241","249","564","360","630","548","298","700","669","798","456","371","397","403","402","405","255"
"2022-2023","Senior High School","Private","4859","745","104","247","139","633","917","108","269","258","371","119","134","244","226","170","85","90"
"2019-2020","Elementary","Public","39114","517","1533","2414","2208","3014","2754","1900","3158","3409","2949","3646","2127","2156","1708","1817","1670","2134"
"2019-2020","Elementary","Private","12136","2099","199","475","370","1485","2685","244","476","999","815","226","233","523","500","374","240","193"
"2019-2020","Junior High School","Public","9524","288","317","576","451","772","762","457","720","791","933","577","425","540","521","590","449","355"
"2019-2020","Junior High School","Private","6034","959","140","315","147","784","1358","129","213","342","491","128","111","274","243","204","97","99"
"2019-2020","Senior High School","Public","7299","235","218","546","337","593","520","282","674","653","759","435","350","345","353","384","398","217"
"2019-2020","Senior High School","Private","4895","767","113","247","143","657","939","108","236","258","371","120","132","240","228","180","88","68"
"2020-2021","Elementary","Public","39235","519","1541","2417","2213","3022","2755","1905","3161","3413","2948","3648","2128","2161","1736","1827","1706","2135"
"2020-2021","Elementary","Private","11009","1947","181","447","347","1320","2409","220","436","905","743","207","208","451","444","321","234","189"
"2020-2021","Junior High School","Public","9862","288","333","583","468","809","770","469","736","815","941","600","433","583","576","628","473","357"
"2020-2021","Junior High School","Private","5894","927","136","306","151","745","1312","126","220","341","482","125","112","277","241","195","97","101"
"2020-2021","Senior High School","Public","7455","238","232","552","341","603","524","288","685","663","766","442","360","360","368","404","399","230"
"2020-2021","Senior High School","Private","4861","766","109","244","143","637","919","107","251","257","369","119","131","246","227","178","87","71"
"2021-2022","Elementary","Public","39285","526","1539","2414","2212","3027","2757","1910","3163","3413","2954","3648","2129","2171","1739","1730","1702","2251"
"2021-2022","Elementary","Private","10430","1797","172","434","330","1263","2243","221","410","875","722","205","202","444","401","284","209","218"
"2021-2022","Junior High School","Public","10149","296","353","596","483","849","781","476","756","832","962","605","447","607","605","616","483","402"
"2021-2022","Junior High School","Private","5801","882","138","297","156","730","1277","128","223","345","482","127","112","273","238","174","93","126"
"2021-2022","Senior High School","Public","7594","243","246","555","358","613","533","290","697","662","776","446","366","378","385","392","399","255"
"2021-2022","Senior High School","Private","4855","753","105","245","139","628","922","106","265","258","372","121","131","243","226","166","85","90"
"2022-2023","Elementary","Public","39336","527","1542","2418","2211","3039","2759","1913","3167","3415","2954","3654","2129","2177","1741","1734","1704","2252"
"2022-2023","Elementary","Private","10038","1663","167","421","321","1234","2120","217","411","845","717","198","204","439","390","271","202","218"
"2022-2023","Junior High School","Public","10400","295","362","601","498","879","788","487","778","845","974","624","479","639","624","635","488","404"
"2022-2023","Junior High School","Private","5693","852","136","294","156","733","1236","123","226","339","475","127","113","269","231","171","91","121"
"2022-2023","Senior High School","Public","7746","241","249","564","360","630","548","298","700","669","798","456","371","397","403","402","405","255"
"2022-2023","Senior High School","Private","4859","745","104","247","139","633","917","108","269","258","371","119","134","244","226","170","85","90"
"2019-2020","Elementary","Public","39114","517","1533","2414","2208","3014","2754","1900","3158","3409","2949","3646","2127","2156","1708","1817","1670","2134"
"2019-2020","Elementary","Private","12136","2099","199","475","370","1485","2685","244","476","999","815","226","233","523","500","374","240","193"
"2019-2020","Junior High School","Public","9524","288","317","576","451","772","762","457","720","791","933","577","425","540","521","590","449","355"
"2019-2020","Junior High School","Private","6034","959","140","315","147","784","1358","129","213","342","491","128","111","274","243","204","97","99"
"2019-2020","Senior High School","Public","7299","235","218","546","337","593","520","282","674","653","759","435","350","345","353","384","398","217"
"2019-2020","Senior High School","Private","4895","767","113","247","143","657","939","108","236","258","371","120","132","240","228","180","88","68"
"2020-2021","Elementary","Public","39235","519","1541","2417","2213","3022","2755","1905","3161","3413","2948","3648","2128","2161","1736","1827","1706","2135"
"2020-2021","Elementary","Private","11009","1947","181","447","347","1320","2409","220","436","905","743","207","208","451","444","321","234","189"
"2020-2021","Junior High School","Public","9862","288","333","583","468","809","770","469","736","815","941","600","433","583","576","628","473","357"
"2020-2021","Junior High School","Private","5894","927","136","306","151","745","1312","126","220","341","482","125","112","277","241","195","97","101"
"2020-2021","Senior High School","Public","7455","238","232","552","341","603","524","288","685","663","766","442","360","360","368","404","399","230"
"2020-2021","Senior High School","Private","4861","766","109","244","143","637","919","107","251","257","369","119","131","246","227","178","87","71"
"2021-2022","Elementary","Public","39285","526","1539","2414","2212","3027","2757","1910","3163","3413","2954","3648","2129","2171","1739","1730","1702","2251"
"2021-2022","Elementary","Private","10430","1797","172","434","330","1263","2243","221","410","875","722","205","202","444","401","284","209","218"
"2021-2022","Junior High School","Public","10149","296","353","596","483","849","781","476","756","832","962","605","447","607","605","616","483","402"
"2021-2022","Junior High School","Private","5801","882","138","297","156","730","1277","128","223","345","482","127","112","273","238","174","93","126"
"2021-2022","Senior High School","Public","7594","243","246","555","358","613","533","290","697","662","776","446","366","378","385","392","399","255"
"2021-2022","Senior High School","Private","4855","753","105","245","139","628","922","106","265","258","372","121","131","243","226","166","85","90"
"2022-2023","Elementary","Public","39336","527","1542","2418","2211","3039","2759","1913","3167","3415","2954","3654","2129","2177","1741","1734","1704","2252"
"2022-2023","Elementary","Private","10038","1663","167","421","321","1234","2120","217","411","845","717","198","204","439","390","271","202","218"
"2022-2023","Junior High School","Public","10400","295","362","601","498","879","788","487","778","845","974","624","479","639","624","635","488","404"
"2022-2023","Junior High School","Private","5693","852","136","294","156","733","1236","123","226","339","475","127","113","269","231","171","91","121"
"2022-2023","Senior High School","Public","7746","241","249","564","360","630","548","298","700","669","798","456","371","397","403","402","405","255"
"2022-2023","Senior High School","Private","4859","745","104","247","139","633","917","108","269","258","371","119","134","244","226","170","85","90"
